{
  "metadata": {
    "year": 2026,
    "ccaa": "canarias",
    "fecha_generacion": "2025-12-24T15:53:18.729451",
    "fuentes": {
      "nacionales": "BOE",
      "autonomicos": "BOC",
      "locales": "BOC"
    },
    "total_festivos": {
      "nacionales": 9,
      "autonomicos": 8,
      "locales": 176
    }
  },
  "festivos": {
    "nacionales": [
      {
        "fecha": "2026-01-01",
        "fecha_texto": "1 de enero",
        "descripcion": "Año Nuevo",
        "tipo": "nacional",
        "ambito": "nacional",
        "ccaa": "España",
        "sustituible": false,
        "year": 2026
      },
      {
        "fecha": "2026-01-06",
        "fecha_texto": "6 de enero",
        "descripcion": "Epifanía del Señor",
        "tipo": "nacional",
        "ambito": "nacional",
        "ccaa": "España",
        "sustituible": true,
        "year": 2026
      },
      {
        "fecha": "2026-04-02",
        "fecha_texto": "2 de abril",
        "descripcion": "Jueves Santo",
        "tipo": "nacional",
        "ambito": "nacional",
        "ccaa": "España",
        "sustituible": true,
        "year": 2026
      },
      {
        "fecha": "2026-04-03",
        "fecha_texto": "3 de abril",
        "descripcion": "Viernes Santo",
        "tipo": "nacional",
        "ambito": "nacional",
        "ccaa": "España",
        "sustituible": false,
        "year": 2026
      },
      {
        "fecha": "2026-05-01",
        "fecha_texto": "1 de mayo",
        "descripcion": "Fiesta del Trabajo",
        "tipo": "nacional",
        "ambito": "nacional",
        "ccaa": "España",
        "sustituible": false,
        "year": 2026
      },
      {
        "fecha": "2026-08-15",
        "fecha_texto": "15 de agosto",
        "descripcion": "Asunción de la Virgen",
        "tipo": "nacional",
        "ambito": "nacional",
        "ccaa": "España",
        "sustituible": false,
        "year": 2026
      },
      {
        "fecha": "2026-10-12",
        "fecha_texto": "12 de octubre",
        "descripcion": "Fiesta Nacional de España",
        "tipo": "nacional",
        "ambito": "nacional",
        "ccaa": "España",
        "sustituible": false,
        "year": 2026
      },
      {
        "fecha": "2026-12-08",
        "fecha_texto": "8 de diciembre",
        "descripcion": "Inmaculada Concepción",
        "tipo": "nacional",
        "ambito": "nacional",
        "ccaa": "España",
        "sustituible": false,
        "year": 2026
      },
      {
        "fecha": "2026-12-25",
        "fecha_texto": "25 de diciembre",
        "descripcion": "Natividad del Señor",
        "tipo": "nacional",
        "ambito": "nacional",
        "ccaa": "España",
        "sustituible": false,
        "year": 2026
      }
    ],
    "autonomicos": [
      {
        "fecha": "2026-05-30",
        "fecha_texto": "30 de mayo",
        "descripcion": "Día de Canarias",
        "tipo": "autonomico",
        "ambito": "autonomico",
        "ccaa": "Canarias",
        "islas": "Todas",
        "municipios_aplicables": "Todos",
        "year": 2026
      },
      {
        "fecha": "2026-09-24",
        "fecha_texto": "24 de septiembre",
        "descripcion": "Festividad de Nuestra Señora de Los Reyes",
        "tipo": "autonomico",
        "ambito": "insular",
        "ccaa": "Canarias",
        "islas": "El Hierro",
        "municipios_aplicables": [
          "El Hierro"
        ],
        "year": 2026
      },
      {
        "fecha": "2026-09-18",
        "fecha_texto": "18 de septiembre",
        "descripcion": "Festividad de Nuestra Señora de la Peña",
        "tipo": "autonomico",
        "ambito": "insular",
        "ccaa": "Canarias",
        "islas": "Fuerteventura",
        "municipios_aplicables": [
          "Fuerteventura"
        ],
        "year": 2026
      },
      {
        "fecha": "2026-09-08",
        "fecha_texto": "8 de septiembre",
        "descripcion": "Festividad de Nuestra Señora del Pino",
        "tipo": "autonomico",
        "ambito": "insular",
        "ccaa": "Canarias",
        "islas": "Gran Canaria",
        "municipios_aplicables": [
          "Gran Canaria"
        ],
        "year": 2026
      },
      {
        "fecha": "2026-10-05",
        "fecha_texto": "5 de octubre",
        "descripcion": "Festividad de Nuestra Señora de Guadalupe",
        "tipo": "autonomico",
        "ambito": "insular",
        "ccaa": "Canarias",
        "islas": "La Gomera",
        "municipios_aplicables": [
          "La Gomera"
        ],
        "year": 2026
      },
      {
        "fecha": "2026-08-05",
        "fecha_texto": "5 de agosto",
        "descripcion": "Festividad de Nuestra Señora de Las Nieves",
        "tipo": "autonomico",
        "ambito": "insular",
        "ccaa": "Canarias",
        "islas": "La Palma",
        "municipios_aplicables": [
          "La Palma"
        ],
        "year": 2026
      },
      {
        "fecha": "2026-09-15",
        "fecha_texto": "15 de septiembre",
        "descripcion": "Festividad de Nuestra Señora de Los Volcanes",
        "tipo": "autonomico",
        "ambito": "insular",
        "ccaa": "Canarias",
        "islas": "Lanzarote/La Graciosa",
        "municipios_aplicables": [
          "Lanzarote",
          "La Graciosa"
        ],
        "year": 2026
      },
      {
        "fecha": "2026-02-02",
        "fecha_texto": "2 de febrero",
        "descripcion": "Festividad de la Virgen de la Candelaria",
        "tipo": "autonomico",
        "ambito": "insular",
        "ccaa": "Canarias",
        "islas": "Tenerife",
        "municipios_aplicables": [
          "Tenerife"
        ],
        "year": 2026
      }
    ],
    "locales": [
      {
        "municipio": "ADEJE",
        "fecha": "2026-01-20",
        "fecha_texto": "20 de enero",
        "descripcion": "Festividad de San Sebastián.",
        "tipo": "local",
        "ambito": "municipal",
        "ccaa": "Canarias",
        "provincia": "Santa Cruz de Tenerife",
        "year": 2026
      },
      {
        "municipio": "ADEJE",
        "fecha": "2026-02-17",
        "fecha_texto": "17 de febrero",
        "descripcion": "Martes de Carnaval.",
        "tipo": "local",
        "ambito": "municipal",
        "ccaa": "Canarias",
        "provincia": "Santa Cruz de Tenerife",
        "year": 2026
      },
      {
        "municipio": "AGAETE",
        "fecha": "2026-06-29",
        "fecha_texto": "29 de junio",
        "descripcion": "Festividad de San Pedro Apóstol.",
        "tipo": "local",
        "ambito": "municipal",
        "ccaa": "Canarias",
        "provincia": "Las Palmas",
        "year": 2026
      },
      {
        "municipio": "AGAETE",
        "fecha": "2026-08-05",
        "fecha_texto": "5 de agosto",
        "descripcion": "Festividad de Nuestra Señora de las Nieves.",
        "tipo": "local",
        "ambito": "municipal",
        "ccaa": "Canarias",
        "provincia": "Las Palmas",
        "year": 2026
      },
      {
        "municipio": "AGAETE",
        "fecha": "2026-01-20",
        "fecha_texto": "20 de enero",
        "descripcion": "Festividad de San Sebastián.",
        "tipo": "local",
        "ambito": "municipal",
        "ccaa": "Canarias",
        "provincia": "Las Palmas",
        "year": 2026
      },
      {
        "municipio": "AGAETE",
        "fecha": "2026-02-19",
        "fecha_texto": "19 de febrero",
        "descripcion": "Jueves de Carnaval.",
        "tipo": "local",
        "ambito": "municipal",
        "ccaa": "Canarias",
        "provincia": "Las Palmas",
        "year": 2026
      },
      {
        "municipio": "AGULO",
        "fecha": "2026-04-27",
        "fecha_texto": "27 de abril",
        "descripcion": "Festividad de San Marcos Evangelista.",
        "tipo": "local",
        "ambito": "municipal",
        "ccaa": "Canarias",
        "provincia": "Santa Cruz de Tenerife",
        "year": 2026
      },
      {
        "municipio": "AGULO",
        "fecha": "2026-09-24",
        "fecha_texto": "24 de septiembre",
        "descripcion": "Festividad de Nuestra Señora de las Mercedes.",
        "tipo": "local",
        "ambito": "municipal",
        "ccaa": "Canarias",
        "provincia": "Santa Cruz de Tenerife",
        "year": 2026
      },
      {
        "municipio": "ALAJERÓ",
        "fecha": "2026-07-16",
        "fecha_texto": "16 de julio",
        "descripcion": "Festividad de Nuestra Señora del Carmen.",
        "tipo": "local",
        "ambito": "municipal",
        "ccaa": "Canarias",
        "provincia": "Santa Cruz de Tenerife",
        "year": 2026
      },
      {
        "municipio": "ALAJERÓ",
        "fecha": "2026-09-15",
        "fecha_texto": "15 de septiembre",
        "descripcion": "Festividad de Nuestra Señora del Buen Paso.",
        "tipo": "local",
        "ambito": "municipal",
        "ccaa": "Canarias",
        "provincia": "Santa Cruz de Tenerife",
        "year": 2026
      },
      {
        "municipio": "ANTIGUA",
        "fecha": "2026-02-09",
        "fecha_texto": "9 de febrero",
        "descripcion": "Carnavales.",
        "tipo": "local",
        "ambito": "municipal",
        "ccaa": "Canarias",
        "provincia": "Las Palmas",
        "year": 2026
      },
      {
        "municipio": "ANTIGUA",
        "fecha": "2026-09-08",
        "fecha_texto": "8 de septiembre",
        "descripcion": "Festividad de Nuestra Señora de Antigua.",
        "tipo": "local",
        "ambito": "municipal",
        "ccaa": "Canarias",
        "provincia": "Las Palmas",
        "year": 2026
      },
      {
        "municipio": "ARAFO",
        "fecha": "2026-02-17",
        "fecha_texto": "17 de febrero",
        "descripcion": "Martes de Carnaval.",
        "tipo": "local",
        "ambito": "municipal",
        "ccaa": "Canarias",
        "provincia": "Santa Cruz de Tenerife",
        "year": 2026
      },
      {
        "municipio": "ARAFO",
        "fecha": "2026-08-31",
        "fecha_texto": "31 de agosto",
        "descripcion": "Festividad de San Bernardo.",
        "tipo": "local",
        "ambito": "municipal",
        "ccaa": "Canarias",
        "provincia": "Santa Cruz de Tenerife",
        "year": 2026
      },
      {
        "municipio": "ARICO",
        "fecha": "2026-02-17",
        "fecha_texto": "17 de febrero",
        "descripcion": "Martes de Carnaval.",
        "tipo": "local",
        "ambito": "municipal",
        "ccaa": "Canarias",
        "provincia": "Santa Cruz de Tenerife",
        "year": 2026
      },
      {
        "municipio": "ARICO",
        "fecha": "2026-09-08",
        "fecha_texto": "8 de septiembre",
        "descripcion": "Festividad de Nuestra Señora de Abona.",
        "tipo": "local",
        "ambito": "municipal",
        "ccaa": "Canarias",
        "provincia": "Santa Cruz de Tenerife",
        "year": 2026
      },
      {
        "municipio": "ARONA",
        "fecha": "2026-02-17",
        "fecha_texto": "17 de febrero",
        "descripcion": "Martes de Carnaval.",
        "tipo": "local",
        "ambito": "municipal",
        "ccaa": "Canarias",
        "provincia": "Santa Cruz de Tenerife",
        "year": 2026
      },
      {
        "municipio": "ARONA",
        "fecha": "2026-10-05",
        "fecha_texto": "5 de octubre",
        "descripcion": "Festividad del Santísimo Cristo de la Salud.",
        "tipo": "local",
        "ambito": "municipal",
        "ccaa": "Canarias",
        "provincia": "Santa Cruz de Tenerife",
        "year": 2026
      },
      {
        "municipio": "ARRECIFE",
        "fecha": "2026-02-17",
        "fecha_texto": "17 de febrero",
        "descripcion": "Martes de Carnaval.",
        "tipo": "local",
        "ambito": "municipal",
        "ccaa": "Canarias",
        "provincia": "Las Palmas",
        "year": 2026
      },
      {
        "municipio": "ARRECIFE",
        "fecha": "2026-08-25",
        "fecha_texto": "25 de agosto",
        "descripcion": "Festividad de San Ginés.",
        "tipo": "local",
        "ambito": "municipal",
        "ccaa": "Canarias",
        "provincia": "Las Palmas",
        "year": 2026
      },
      {
        "municipio": "ARTENARA",
        "fecha": "2026-08-31",
        "fecha_texto": "31 de agosto",
        "descripcion": "Festividad de la Virgen de la Cuevita.",
        "tipo": "local",
        "ambito": "municipal",
        "ccaa": "Canarias",
        "provincia": "Las Palmas",
        "year": 2026
      },
      {
        "municipio": "ARTENARA",
        "fecha": "2026-09-14",
        "fecha_texto": "14 de septiembre",
        "descripcion": "Festividad del Cristo de Acusa.",
        "tipo": "local",
        "ambito": "municipal",
        "ccaa": "Canarias",
        "provincia": "Las Palmas",
        "year": 2026
      },
      {
        "municipio": "ARUCAS",
        "fecha": "2026-02-17",
        "fecha_texto": "17 de febrero",
        "descripcion": "Martes de Carnaval.",
        "tipo": "local",
        "ambito": "municipal",
        "ccaa": "Canarias",
        "provincia": "Las Palmas",
        "year": 2026
      },
      {
        "municipio": "ARUCAS",
        "fecha": "2026-06-24",
        "fecha_texto": "24 de junio",
        "descripcion": "Festividad de San Juan Bautista.",
        "tipo": "local",
        "ambito": "municipal",
        "ccaa": "Canarias",
        "provincia": "Las Palmas",
        "year": 2026
      },
      {
        "municipio": "BARLOVENTO",
        "fecha": "2026-02-17",
        "fecha_texto": "17 de febrero",
        "descripcion": "Martes de Carnaval.",
        "tipo": "local",
        "ambito": "municipal",
        "ccaa": "Canarias",
        "provincia": "Santa Cruz de Tenerife",
        "year": 2026
      },
      {
        "municipio": "BARLOVENTO",
        "fecha": "2026-10-07",
        "fecha_texto": "7 de octubre",
        "descripcion": "Festividad de Nuestra Señora del Rosario.",
        "tipo": "local",
        "ambito": "municipal",
        "ccaa": "Canarias",
        "provincia": "Santa Cruz de Tenerife",
        "year": 2026
      },
      {
        "municipio": "BETANCURIA",
        "fecha": "2026-07-14",
        "fecha_texto": "14 de julio",
        "descripcion": "Festividad de San Buenaventura.",
        "tipo": "local",
        "ambito": "municipal",
        "ccaa": "Canarias",
        "provincia": "Las Palmas",
        "year": 2026
      },
      {
        "municipio": "BETANCURIA",
        "fecha": "2026-08-24",
        "fecha_texto": "24 de agosto",
        "descripcion": "Festividad de San Bartolomé.",
        "tipo": "local",
        "ambito": "municipal",
        "ccaa": "Canarias",
        "provincia": "Las Palmas",
        "year": 2026
      },
      {
        "municipio": "BREÑA ALTA",
        "fecha": "2026-02-17",
        "fecha_texto": "17 de febrero",
        "descripcion": "Martes de Carnaval.",
        "tipo": "local",
        "ambito": "municipal",
        "ccaa": "Canarias",
        "provincia": "Santa Cruz de Tenerife",
        "year": 2026
      },
      {
        "municipio": "BREÑA ALTA",
        "fecha": "2026-06-29",
        "fecha_texto": "29 de junio",
        "descripcion": "Festividad de San Pedro Apóstol.",
        "tipo": "local",
        "ambito": "municipal",
        "ccaa": "Canarias",
        "provincia": "Santa Cruz de Tenerife",
        "year": 2026
      },
      {
        "municipio": "BREÑA BAJA",
        "fecha": "2026-03-19",
        "fecha_texto": "19 de marzo",
        "descripcion": "Festividad de San José.",
        "tipo": "local",
        "ambito": "municipal",
        "ccaa": "Canarias",
        "provincia": "Santa Cruz de Tenerife",
        "year": 2026
      },
      {
        "municipio": "BREÑA BAJA",
        "fecha": "2026-10-07",
        "fecha_texto": "7 de octubre",
        "descripcion": "Festividad de Nuestra Señora del Rosario.",
        "tipo": "local",
        "ambito": "municipal",
        "ccaa": "Canarias",
        "provincia": "Santa Cruz de Tenerife",
        "year": 2026
      },
      {
        "municipio": "BUENAVISTA DEL NORTE",
        "fecha": "2026-08-24",
        "fecha_texto": "24 de agosto",
        "descripcion": "Festividad de San Bartolomé.",
        "tipo": "local",
        "ambito": "municipal",
        "ccaa": "Canarias",
        "provincia": "Santa Cruz de Tenerife",
        "year": 2026
      },
      {
        "municipio": "BUENAVISTA DEL NORTE",
        "fecha": "2026-10-26",
        "fecha_texto": "26 de octubre",
        "descripcion": "Festividad de Nuestra Señora de los Remedios. Patrona de la Villa.",
        "tipo": "local",
        "ambito": "municipal",
        "ccaa": "Canarias",
        "provincia": "Santa Cruz de Tenerife",
        "year": 2026
      },
      {
        "municipio": "CANDELARIA",
        "fecha": "2026-02-17",
        "fecha_texto": "17 de febrero",
        "descripcion": "Martes de Carnaval.",
        "tipo": "local",
        "ambito": "municipal",
        "ccaa": "Canarias",
        "provincia": "Santa Cruz de Tenerife",
        "year": 2026
      },
      {
        "municipio": "CANDELARIA",
        "fecha": "2026-07-27",
        "fecha_texto": "27 de julio",
        "descripcion": "Festividad de Santa Ana.",
        "tipo": "local",
        "ambito": "municipal",
        "ccaa": "Canarias",
        "provincia": "Santa Cruz de Tenerife",
        "year": 2026
      },
      {
        "municipio": "EL PASO",
        "fecha": "2026-02-17",
        "fecha_texto": "17 de febrero",
        "descripcion": "Martes de Carnaval.",
        "tipo": "local",
        "ambito": "municipal",
        "ccaa": "Canarias",
        "provincia": "Santa Cruz de Tenerife",
        "year": 2026
      },
      {
        "municipio": "EL PASO",
        "fecha": "2026-09-04",
        "fecha_texto": "4 de septiembre",
        "descripcion": "Viernes previo a la Festividad del Pino.",
        "tipo": "local",
        "ambito": "municipal",
        "ccaa": "Canarias",
        "provincia": "Santa Cruz de Tenerife",
        "year": 2026
      },
      {
        "municipio": "EL PINAR DE EL HIERRO",
        "fecha": "2026-06-24",
        "fecha_texto": "24 de junio",
        "descripcion": "Festividad de San Juan.",
        "tipo": "local",
        "ambito": "municipal",
        "ccaa": "Canarias",
        "provincia": "Santa Cruz de Tenerife",
        "year": 2026
      },
      {
        "municipio": "EL PINAR DE EL HIERRO",
        "fecha": "2026-07-16",
        "fecha_texto": "16 de julio",
        "descripcion": "Festividad de Nuestra Señora de la Virgen del Carmen.",
        "tipo": "local",
        "ambito": "municipal",
        "ccaa": "Canarias",
        "provincia": "Santa Cruz de Tenerife",
        "year": 2026
      },
      {
        "municipio": "EL ROSARIO",
        "fecha": "2026-02-17",
        "fecha_texto": "17 de febrero",
        "descripcion": "Martes de Carnaval.",
        "tipo": "local",
        "ambito": "municipal",
        "ccaa": "Canarias",
        "provincia": "Santa Cruz de Tenerife",
        "year": 2026
      },
      {
        "municipio": "EL ROSARIO",
        "fecha": "2026-08-03",
        "fecha_texto": "3 de agosto",
        "descripcion": "Festividad de Nuestra Señora de La Esperanza.",
        "tipo": "local",
        "ambito": "municipal",
        "ccaa": "Canarias",
        "provincia": "Santa Cruz de Tenerife",
        "year": 2026
      },
      {
        "municipio": "EL SAUZAL",
        "fecha": "2026-02-17",
        "fecha_texto": "17 de febrero",
        "descripcion": "Martes de Carnaval.",
        "tipo": "local",
        "ambito": "municipal",
        "ccaa": "Canarias",
        "provincia": "Santa Cruz de Tenerife",
        "year": 2026
      },
      {
        "municipio": "EL SAUZAL",
        "fecha": "2026-06-29",
        "fecha_texto": "29 de junio",
        "descripcion": "Festividad de San Pedro Apóstol.",
        "tipo": "local",
        "ambito": "municipal",
        "ccaa": "Canarias",
        "provincia": "Santa Cruz de Tenerife",
        "year": 2026
      },
      {
        "municipio": "EL TANQUE",
        "fecha": "2026-08-31",
        "fecha_texto": "31 de agosto",
        "descripcion": "Festividad Nuestra Señora de Buen Viaje.",
        "tipo": "local",
        "ambito": "municipal",
        "ccaa": "Canarias",
        "provincia": "Santa Cruz de Tenerife",
        "year": 2026
      },
      {
        "municipio": "EL TANQUE",
        "fecha": "2026-10-19",
        "fecha_texto": "19 de octubre",
        "descripcion": "Festividad del Santísimo Cristo del Calvario.",
        "tipo": "local",
        "ambito": "municipal",
        "ccaa": "Canarias",
        "provincia": "Santa Cruz de Tenerife",
        "year": 2026
      },
      {
        "municipio": "FASNIA",
        "fecha": "2026-02-17",
        "fecha_texto": "17 de febrero",
        "descripcion": "Martes de Carnaval.",
        "tipo": "local",
        "ambito": "municipal",
        "ccaa": "Canarias",
        "provincia": "Santa Cruz de Tenerife",
        "year": 2026
      },
      {
        "municipio": "FASNIA",
        "fecha": "2026-08-17",
        "fecha_texto": "17 de agosto",
        "descripcion": "Fiestas Patronales.",
        "tipo": "local",
        "ambito": "municipal",
        "ccaa": "Canarias",
        "provincia": "Santa Cruz de Tenerife",
        "year": 2026
      },
      {
        "municipio": "FIRGAS",
        "fecha": "2026-02-17",
        "fecha_texto": "17 de febrero",
        "descripcion": "Martes de Carnaval.",
        "tipo": "local",
        "ambito": "municipal",
        "ccaa": "Canarias",
        "provincia": "Las Palmas",
        "year": 2026
      },
      {
        "municipio": "FIRGAS",
        "fecha": "2026-08-17",
        "fecha_texto": "17 de agosto",
        "descripcion": "Festividad de San Roque.",
        "tipo": "local",
        "ambito": "municipal",
        "ccaa": "Canarias",
        "provincia": "Las Palmas",
        "year": 2026
      },
      {
        "municipio": "FUENCALIENTE DE LA PALMA",
        "fecha": "2026-02-17",
        "fecha_texto": "17 de febrero",
        "descripcion": "Martes de Carnaval.",
        "tipo": "local",
        "ambito": "municipal",
        "ccaa": "Canarias",
        "provincia": "Santa Cruz de Tenerife",
        "year": 2026
      },
      {
        "municipio": "FUENCALIENTE DE LA PALMA",
        "fecha": "2026-02-19",
        "fecha_texto": "19 de febrero",
        "descripcion": "Día del Municipio.",
        "tipo": "local",
        "ambito": "municipal",
        "ccaa": "Canarias",
        "provincia": "Santa Cruz de Tenerife",
        "year": 2026
      },
      {
        "municipio": "GÁLDAR",
        "fecha": "2026-05-15",
        "fecha_texto": "15 de mayo",
        "descripcion": "Festividad de San Isidro Labrador.",
        "tipo": "local",
        "ambito": "municipal",
        "ccaa": "Canarias",
        "provincia": "Las Palmas",
        "year": 2026
      },
      {
        "municipio": "GÁLDAR",
        "fecha": "2026-07-25",
        "fecha_texto": "25 de julio",
        "descripcion": "Festividad de Santiago Apóstol.",
        "tipo": "local",
        "ambito": "municipal",
        "ccaa": "Canarias",
        "provincia": "Las Palmas",
        "year": 2026
      },
      {
        "municipio": "GARACHICO",
        "fecha": "2026-02-17",
        "fecha_texto": "17 de febrero",
        "descripcion": "Martes de Carnaval.",
        "tipo": "local",
        "ambito": "municipal",
        "ccaa": "Canarias",
        "provincia": "Santa Cruz de Tenerife",
        "year": 2026
      },
      {
        "municipio": "GARACHICO",
        "fecha": "2026-06-24",
        "fecha_texto": "24 de junio",
        "descripcion": "Festividad de San Juan.",
        "tipo": "local",
        "ambito": "municipal",
        "ccaa": "Canarias",
        "provincia": "Santa Cruz de Tenerife",
        "year": 2026
      },
      {
        "municipio": "GARAFÍA",
        "fecha": "2026-06-12",
        "fecha_texto": "12 de junio",
        "descripcion": "Festividad de San Antonio del Monte.",
        "tipo": "local",
        "ambito": "municipal",
        "ccaa": "Canarias",
        "provincia": "Santa Cruz de Tenerife",
        "year": 2026
      },
      {
        "municipio": "GARAFÍA",
        "fecha": "2026-08-21",
        "fecha_texto": "21 de agosto",
        "descripcion": "Festividad de Nuestra Señora de la Luz.",
        "tipo": "local",
        "ambito": "municipal",
        "ccaa": "Canarias",
        "provincia": "Santa Cruz de Tenerife",
        "year": 2026
      },
      {
        "municipio": "GRANADILLA DE ABONA",
        "fecha": "2026-02-17",
        "fecha_texto": "17 de febrero",
        "descripcion": "Martes de Carnaval.",
        "tipo": "local",
        "ambito": "municipal",
        "ccaa": "Canarias",
        "provincia": "Santa Cruz de Tenerife",
        "year": 2026
      },
      {
        "municipio": "GRANADILLA DE ABONA",
        "fecha": "2026-06-13",
        "fecha_texto": "13 de junio",
        "descripcion": "Festividad de San Antonio de Padua.",
        "tipo": "local",
        "ambito": "municipal",
        "ccaa": "Canarias",
        "provincia": "Santa Cruz de Tenerife",
        "year": 2026
      },
      {
        "municipio": "GUÍA DE ISORA",
        "fecha": "2026-06-24",
        "fecha_texto": "24 de junio",
        "descripcion": "Festividad de San Juan Bautista.",
        "tipo": "local",
        "ambito": "municipal",
        "ccaa": "Canarias",
        "provincia": "Santa Cruz de Tenerife",
        "year": 2026
      },
      {
        "municipio": "GUÍA DE ISORA",
        "fecha": "2026-09-21",
        "fecha_texto": "21 de septiembre",
        "descripcion": "Festividad del Santísimo Cristo de la Dulce Muerte.",
        "tipo": "local",
        "ambito": "municipal",
        "ccaa": "Canarias",
        "provincia": "Santa Cruz de Tenerife",
        "year": 2026
      },
      {
        "municipio": "GUÍA DE ISORA",
        "fecha": "2026-06-29",
        "fecha_texto": "29 de junio",
        "descripcion": "Festividad de San Pedro Apóstol.",
        "tipo": "local",
        "ambito": "municipal",
        "ccaa": "Canarias",
        "provincia": "Santa Cruz de Tenerife",
        "year": 2026
      },
      {
        "municipio": "GUÍA DE ISORA",
        "fecha": "2026-09-07",
        "fecha_texto": "7 de septiembre",
        "descripcion": "Festividad de Nuestra Señora del Socorro.",
        "tipo": "local",
        "ambito": "municipal",
        "ccaa": "Canarias",
        "provincia": "Santa Cruz de Tenerife",
        "year": 2026
      },
      {
        "municipio": "HARÍA",
        "fecha": "2026-02-17",
        "fecha_texto": "17 de febrero",
        "descripcion": "Martes de Carnaval.",
        "tipo": "local",
        "ambito": "municipal",
        "ccaa": "Canarias",
        "provincia": "Las Palmas",
        "year": 2026
      },
      {
        "municipio": "HARÍA",
        "fecha": "2026-06-24",
        "fecha_texto": "24 de junio",
        "descripcion": "Festividad de San Juan.",
        "tipo": "local",
        "ambito": "municipal",
        "ccaa": "Canarias",
        "provincia": "Las Palmas",
        "year": 2026
      },
      {
        "municipio": "HERMIGUA",
        "fecha": "2026-08-07",
        "fecha_texto": "7 de agosto",
        "descripcion": "Festividad de Santo Domingo de Guzmán.",
        "tipo": "local",
        "ambito": "municipal",
        "ccaa": "Canarias",
        "provincia": "Santa Cruz de Tenerife",
        "year": 2026
      },
      {
        "municipio": "HERMIGUA",
        "fecha": "2026-09-08",
        "fecha_texto": "8 de septiembre",
        "descripcion": "Festividad de Nuestra Señora de la Encarnación.",
        "tipo": "local",
        "ambito": "municipal",
        "ccaa": "Canarias",
        "provincia": "Santa Cruz de Tenerife",
        "year": 2026
      },
      {
        "municipio": "ICOD DE LOS VINOS",
        "fecha": "2026-02-17",
        "fecha_texto": "17 de febrero",
        "descripcion": "Martes de Carnaval.",
        "tipo": "local",
        "ambito": "municipal",
        "ccaa": "Canarias",
        "provincia": "Santa Cruz de Tenerife",
        "year": 2026
      },
      {
        "municipio": "ICOD DE LOS VINOS",
        "fecha": "2026-04-25",
        "fecha_texto": "25 de abril",
        "descripcion": "Festividad de San Marcos Evangelista.",
        "tipo": "local",
        "ambito": "municipal",
        "ccaa": "Canarias",
        "provincia": "Santa Cruz de Tenerife",
        "year": 2026
      },
      {
        "municipio": "INGENIO",
        "fecha": "2026-02-02",
        "fecha_texto": "2 de febrero",
        "descripcion": "Festividad de Nuestra Señora de la Candelaria.",
        "tipo": "local",
        "ambito": "municipal",
        "ccaa": "Canarias",
        "provincia": "Las Palmas",
        "year": 2026
      },
      {
        "municipio": "INGENIO",
        "fecha": "2026-06-29",
        "fecha_texto": "29 de junio",
        "descripcion": "Festividad del Apóstol San Pedro.",
        "tipo": "local",
        "ambito": "municipal",
        "ccaa": "Canarias",
        "provincia": "Las Palmas",
        "year": 2026
      },
      {
        "municipio": "LA ALDEA DE SAN NICOLÁS",
        "fecha": "2026-09-10",
        "fecha_texto": "10 de septiembre",
        "descripcion": "Festividad del Santo Patrono San Nicolás de Tolentino.",
        "tipo": "local",
        "ambito": "municipal",
        "ccaa": "Canarias",
        "provincia": "Las Palmas",
        "year": 2026
      },
      {
        "municipio": "LA ALDEA DE SAN NICOLÁS",
        "fecha": "2026-09-11",
        "fecha_texto": "11 de septiembre",
        "descripcion": "Día del Charco.",
        "tipo": "local",
        "ambito": "municipal",
        "ccaa": "Canarias",
        "provincia": "Las Palmas",
        "year": 2026
      },
      {
        "municipio": "LA FRONTERA",
        "fecha": "2026-02-17",
        "fecha_texto": "17 de febrero",
        "descripcion": "Martes de Carnaval.",
        "tipo": "local",
        "ambito": "municipal",
        "ccaa": "Canarias",
        "provincia": "Santa Cruz de Tenerife",
        "year": 2026
      },
      {
        "municipio": "LA FRONTERA",
        "fecha": "2026-08-10",
        "fecha_texto": "10 de agosto",
        "descripcion": "Festividad de San Lorenzo.",
        "tipo": "local",
        "ambito": "municipal",
        "ccaa": "Canarias",
        "provincia": "Santa Cruz de Tenerife",
        "year": 2026
      },
      {
        "municipio": "LA GUANCHA",
        "fecha": "2026-02-17",
        "fecha_texto": "17 de febrero",
        "descripcion": "Martes de Carnaval.",
        "tipo": "local",
        "ambito": "municipal",
        "ccaa": "Canarias",
        "provincia": "Santa Cruz de Tenerife",
        "year": 2026
      },
      {
        "municipio": "LA GUANCHA",
        "fecha": "2026-08-17",
        "fecha_texto": "17 de agosto",
        "descripcion": "Fiestas Patronales.",
        "tipo": "local",
        "ambito": "municipal",
        "ccaa": "Canarias",
        "provincia": "Santa Cruz de Tenerife",
        "year": 2026
      },
      {
        "municipio": "LA MATANZA DE ACENTEJO",
        "fecha": "2026-02-17",
        "fecha_texto": "17 de febrero",
        "descripcion": "Martes de Carnaval.",
        "tipo": "local",
        "ambito": "municipal",
        "ccaa": "Canarias",
        "provincia": "Santa Cruz de Tenerife",
        "year": 2026
      },
      {
        "municipio": "LA MATANZA DE ACENTEJO",
        "fecha": "2026-08-06",
        "fecha_texto": "6 de agosto",
        "descripcion": "Festividad de El Salvador.",
        "tipo": "local",
        "ambito": "municipal",
        "ccaa": "Canarias",
        "provincia": "Santa Cruz de Tenerife",
        "year": 2026
      },
      {
        "municipio": "LA OLIVA",
        "fecha": "2026-02-02",
        "fecha_texto": "2 de febrero",
        "descripcion": "Festividad Nuestra Señora de la Candelaria.",
        "tipo": "local",
        "ambito": "municipal",
        "ccaa": "Canarias",
        "provincia": "Las Palmas",
        "year": 2026
      },
      {
        "municipio": "LA OLIVA",
        "fecha": "2026-07-16",
        "fecha_texto": "16 de julio",
        "descripcion": "Festividad Nuestra Señora del Carmen.",
        "tipo": "local",
        "ambito": "municipal",
        "ccaa": "Canarias",
        "provincia": "Las Palmas",
        "year": 2026
      },
      {
        "municipio": "LA OROTAVA",
        "fecha": "2026-02-17",
        "fecha_texto": "17 de febrero",
        "descripcion": "Martes de Carnaval.",
        "tipo": "local",
        "ambito": "municipal",
        "ccaa": "Canarias",
        "provincia": "Santa Cruz de Tenerife",
        "year": 2026
      },
      {
        "municipio": "LA OROTAVA",
        "fecha": "2026-06-11",
        "fecha_texto": "11 de junio",
        "descripcion": "Infraoctava del Corpus Christi.",
        "tipo": "local",
        "ambito": "municipal",
        "ccaa": "Canarias",
        "provincia": "Santa Cruz de Tenerife",
        "year": 2026
      },
      {
        "municipio": "LA VICTORIA DE ACENTEJO",
        "fecha": "2026-02-17",
        "fecha_texto": "17 de febrero",
        "descripcion": "Martes de Carnaval.",
        "tipo": "local",
        "ambito": "municipal",
        "ccaa": "Canarias",
        "provincia": "Santa Cruz de Tenerife",
        "year": 2026
      },
      {
        "municipio": "LA VICTORIA DE ACENTEJO",
        "fecha": "2026-08-31",
        "fecha_texto": "31 de agosto",
        "descripcion": "Festividad de Nuestra Señora de la Encarnación.",
        "tipo": "local",
        "ambito": "municipal",
        "ccaa": "Canarias",
        "provincia": "Santa Cruz de Tenerife",
        "year": 2026
      },
      {
        "municipio": "LAS PALMAS DE GRAN CANARIA",
        "fecha": "2026-02-17",
        "fecha_texto": "17 de febrero",
        "descripcion": "Martes de Carnaval.",
        "tipo": "local",
        "ambito": "municipal",
        "ccaa": "Canarias",
        "provincia": "Las Palmas",
        "year": 2026
      },
      {
        "municipio": "LAS PALMAS DE GRAN CANARIA",
        "fecha": "2026-06-24",
        "fecha_texto": "24 de junio",
        "descripcion": "Conmemoración de la Fundación de la Ciudad.",
        "tipo": "local",
        "ambito": "municipal",
        "ccaa": "Canarias",
        "provincia": "Las Palmas",
        "year": 2026
      },
      {
        "municipio": "LOS LLANOS DE ARIDANE",
        "fecha": "2026-02-17",
        "fecha_texto": "17 de febrero",
        "descripcion": "Martes de Carnaval.",
        "tipo": "local",
        "ambito": "municipal",
        "ccaa": "Canarias",
        "provincia": "Santa Cruz de Tenerife",
        "year": 2026
      },
      {
        "municipio": "LOS LLANOS DE ARIDANE",
        "fecha": "2026-07-02",
        "fecha_texto": "2 de julio",
        "descripcion": "Festividad de Nuestra Señora de los Remedios.",
        "tipo": "local",
        "ambito": "municipal",
        "ccaa": "Canarias",
        "provincia": "Santa Cruz de Tenerife",
        "year": 2026
      },
      {
        "municipio": "LOS REALEJOS",
        "fecha": "2026-01-22",
        "fecha_texto": "22 de enero",
        "descripcion": "Festividad de San Vicente.",
        "tipo": "local",
        "ambito": "municipal",
        "ccaa": "Canarias",
        "provincia": "Santa Cruz de Tenerife",
        "year": 2026
      },
      {
        "municipio": "LOS REALEJOS",
        "fecha": "2026-06-01",
        "fecha_texto": "1 de junio",
        "descripcion": "Lunes de Remedios.",
        "tipo": "local",
        "ambito": "municipal",
        "ccaa": "Canarias",
        "provincia": "Santa Cruz de Tenerife",
        "year": 2026
      },
      {
        "municipio": "LOS SILOS",
        "fecha": "2026-06-24",
        "fecha_texto": "24 de junio",
        "descripcion": "Festividad de San Juan.",
        "tipo": "local",
        "ambito": "municipal",
        "ccaa": "Canarias",
        "provincia": "Santa Cruz de Tenerife",
        "year": 2026
      },
      {
        "municipio": "LOS SILOS",
        "fecha": "2026-09-08",
        "fecha_texto": "8 de septiembre",
        "descripcion": "Festividad de Nuestra Señora de la Luz.",
        "tipo": "local",
        "ambito": "municipal",
        "ccaa": "Canarias",
        "provincia": "Santa Cruz de Tenerife",
        "year": 2026
      },
      {
        "municipio": "MOGÁN",
        "fecha": "2026-04-06",
        "fecha_texto": "6 de abril",
        "descripcion": "Festividad de San Antonio.",
        "tipo": "local",
        "ambito": "municipal",
        "ccaa": "Canarias",
        "provincia": "Las Palmas",
        "year": 2026
      },
      {
        "municipio": "MOGÁN",
        "fecha": "2026-07-16",
        "fecha_texto": "16 de julio",
        "descripcion": "Festividad de la Virgen del Carmen.",
        "tipo": "local",
        "ambito": "municipal",
        "ccaa": "Canarias",
        "provincia": "Las Palmas",
        "year": 2026
      },
      {
        "municipio": "MOYA",
        "fecha": "2026-02-17",
        "fecha_texto": "17 de febrero",
        "descripcion": "Martes de Carnaval.",
        "tipo": "local",
        "ambito": "municipal",
        "ccaa": "Canarias",
        "provincia": "Las Palmas",
        "year": 2026
      },
      {
        "municipio": "MOYA",
        "fecha": "2026-06-15",
        "fecha_texto": "15 de junio",
        "descripcion": "Festividad de San Antonio de Padua.",
        "tipo": "local",
        "ambito": "municipal",
        "ccaa": "Canarias",
        "provincia": "Las Palmas",
        "year": 2026
      },
      {
        "municipio": "PÁJARA",
        "fecha": "2026-07-02",
        "fecha_texto": "2 de julio",
        "descripcion": "Festividad de Nuestra Señora de Regla.",
        "tipo": "local",
        "ambito": "municipal",
        "ccaa": "Canarias",
        "provincia": "Las Palmas",
        "year": 2026
      },
      {
        "municipio": "PÁJARA",
        "fecha": "2026-07-16",
        "fecha_texto": "16 de julio",
        "descripcion": "Festividad de Nuestra Señora del Carmen.",
        "tipo": "local",
        "ambito": "municipal",
        "ccaa": "Canarias",
        "provincia": "Las Palmas",
        "year": 2026
      },
      {
        "municipio": "PUERTO DE LA CRUZ",
        "fecha": "2026-07-13",
        "fecha_texto": "13 de julio",
        "descripcion": "Festividad del Gran Poder de Dios.",
        "tipo": "local",
        "ambito": "municipal",
        "ccaa": "Canarias",
        "provincia": "Santa Cruz de Tenerife",
        "year": 2026
      },
      {
        "municipio": "PUERTO DE LA CRUZ",
        "fecha": "2026-07-14",
        "fecha_texto": "14 de julio",
        "descripcion": "Festividad de la Virgen del Carmen.",
        "tipo": "local",
        "ambito": "municipal",
        "ccaa": "Canarias",
        "provincia": "Santa Cruz de Tenerife",
        "year": 2026
      },
      {
        "municipio": "PUERTO DEL ROSARIO",
        "fecha": "2026-02-17",
        "fecha_texto": "17 de febrero",
        "descripcion": "Martes de Carnaval.",
        "tipo": "local",
        "ambito": "municipal",
        "ccaa": "Canarias",
        "provincia": "Las Palmas",
        "year": 2026
      },
      {
        "municipio": "PUERTO DEL ROSARIO",
        "fecha": "2026-10-07",
        "fecha_texto": "7 de octubre",
        "descripcion": "Festividad de Nuestra Señora del Rosario.",
        "tipo": "local",
        "ambito": "municipal",
        "ccaa": "Canarias",
        "provincia": "Las Palmas",
        "year": 2026
      },
      {
        "municipio": "PUNTAGORDA",
        "fecha": "2026-01-15",
        "fecha_texto": "15 de enero",
        "descripcion": "Festividad de San Mauro Abad.",
        "tipo": "local",
        "ambito": "municipal",
        "ccaa": "Canarias",
        "provincia": "Santa Cruz de Tenerife",
        "year": 2026
      },
      {
        "municipio": "PUNTAGORDA",
        "fecha": "2026-02-17",
        "fecha_texto": "17 de febrero",
        "descripcion": "Martes de Carnaval.",
        "tipo": "local",
        "ambito": "municipal",
        "ccaa": "Canarias",
        "provincia": "Santa Cruz de Tenerife",
        "year": 2026
      },
      {
        "municipio": "PUNTALLANA",
        "fecha": "2026-02-17",
        "fecha_texto": "17 de febrero",
        "descripcion": "Martes de Carnaval.",
        "tipo": "local",
        "ambito": "municipal",
        "ccaa": "Canarias",
        "provincia": "Santa Cruz de Tenerife",
        "year": 2026
      },
      {
        "municipio": "PUNTALLANA",
        "fecha": "2026-06-24",
        "fecha_texto": "24 de junio",
        "descripcion": "Festividad de San Juan Bautista.",
        "tipo": "local",
        "ambito": "municipal",
        "ccaa": "Canarias",
        "provincia": "Santa Cruz de Tenerife",
        "year": 2026
      },
      {
        "municipio": "SAN ANDRÉS Y SAUCES",
        "fecha": "2026-04-27",
        "fecha_texto": "27 de abril",
        "descripcion": "Festividad de Nuestra Señora de Montserrat.",
        "tipo": "local",
        "ambito": "municipal",
        "ccaa": "Canarias",
        "provincia": "Santa Cruz de Tenerife",
        "year": 2026
      },
      {
        "municipio": "SAN ANDRÉS Y SAUCES",
        "fecha": "2026-11-30",
        "fecha_texto": "30 de noviembre",
        "descripcion": "Festividad de San Andrés.",
        "tipo": "local",
        "ambito": "municipal",
        "ccaa": "Canarias",
        "provincia": "Santa Cruz de Tenerife",
        "year": 2026
      },
      {
        "municipio": "SAN BARTOLOMÉ DE LANZAROTE",
        "fecha": "2026-02-17",
        "fecha_texto": "17 de febrero",
        "descripcion": "Martes de Carnaval.",
        "tipo": "local",
        "ambito": "municipal",
        "ccaa": "Canarias",
        "provincia": "Las Palmas",
        "year": 2026
      },
      {
        "municipio": "SAN BARTOLOMÉ DE LANZAROTE",
        "fecha": "2026-08-24",
        "fecha_texto": "24 de agosto",
        "descripcion": "Festividad de San Bartolomé.",
        "tipo": "local",
        "ambito": "municipal",
        "ccaa": "Canarias",
        "provincia": "Las Palmas",
        "year": 2026
      },
      {
        "municipio": "SAN BARTOLOMÉ DE TIRAJANA",
        "fecha": "2026-07-25",
        "fecha_texto": "25 de julio",
        "descripcion": "Festividad de Santiago Apóstol.",
        "tipo": "local",
        "ambito": "municipal",
        "ccaa": "Canarias",
        "provincia": "Las Palmas",
        "year": 2026
      },
      {
        "municipio": "SAN BARTOLOMÉ DE TIRAJANA",
        "fecha": "2026-08-24",
        "fecha_texto": "24 de agosto",
        "descripcion": "Festividad de San Bartolomé.",
        "tipo": "local",
        "ambito": "municipal",
        "ccaa": "Canarias",
        "provincia": "Las Palmas",
        "year": 2026
      },
      {
        "municipio": "SAN CRISTÓBAL DE LA LAGUNA",
        "fecha": "2026-02-17",
        "fecha_texto": "17 de febrero",
        "descripcion": "Martes de Carnaval.",
        "tipo": "local",
        "ambito": "municipal",
        "ccaa": "Canarias",
        "provincia": "Santa Cruz de Tenerife",
        "year": 2026
      },
      {
        "municipio": "SAN CRISTÓBAL DE LA LAGUNA",
        "fecha": "2026-09-14",
        "fecha_texto": "14 de septiembre",
        "descripcion": "Festividad del Santísimo Cristo de La Laguna.",
        "tipo": "local",
        "ambito": "municipal",
        "ccaa": "Canarias",
        "provincia": "Santa Cruz de Tenerife",
        "year": 2026
      },
      {
        "municipio": "SAN JUAN DE LA RAMBLA",
        "fecha": "2026-06-24",
        "fecha_texto": "24 de junio",
        "descripcion": "Festividad de San Juan Bautista.",
        "tipo": "local",
        "ambito": "municipal",
        "ccaa": "Canarias",
        "provincia": "Santa Cruz de Tenerife",
        "year": 2026
      },
      {
        "municipio": "SAN JUAN DE LA RAMBLA",
        "fecha": "2026-09-14",
        "fecha_texto": "14 de septiembre",
        "descripcion": "Festividad de San José.",
        "tipo": "local",
        "ambito": "municipal",
        "ccaa": "Canarias",
        "provincia": "Santa Cruz de Tenerife",
        "year": 2026
      },
      {
        "municipio": "SAN MIGUEL DE ABONA",
        "fecha": "2026-02-17",
        "fecha_texto": "17 de febrero",
        "descripcion": "Martes de Carnaval.",
        "tipo": "local",
        "ambito": "municipal",
        "ccaa": "Canarias",
        "provincia": "Santa Cruz de Tenerife",
        "year": 2026
      },
      {
        "municipio": "SAN MIGUEL DE ABONA",
        "fecha": "2026-09-29",
        "fecha_texto": "29 de septiembre",
        "descripcion": "Festividad de San Miguel Arcángel.",
        "tipo": "local",
        "ambito": "municipal",
        "ccaa": "Canarias",
        "provincia": "Santa Cruz de Tenerife",
        "year": 2026
      },
      {
        "municipio": "SAN SEBASTIÁN DE LA GOMERA",
        "fecha": "2026-01-20",
        "fecha_texto": "20 de enero",
        "descripcion": "Festividad de San Sebastián.",
        "tipo": "local",
        "ambito": "municipal",
        "ccaa": "Canarias",
        "provincia": "Santa Cruz de Tenerife",
        "year": 2026
      },
      {
        "municipio": "SAN SEBASTIÁN DE LA GOMERA",
        "fecha": "2026-02-24",
        "fecha_texto": "24 de febrero",
        "descripcion": "Martes de Carnaval.",
        "tipo": "local",
        "ambito": "municipal",
        "ccaa": "Canarias",
        "provincia": "Santa Cruz de Tenerife",
        "year": 2026
      },
      {
        "municipio": "SANTA BRÍGIDA",
        "fecha": "2026-02-17",
        "fecha_texto": "17 de febrero",
        "descripcion": "Martes de Carnaval.",
        "tipo": "local",
        "ambito": "municipal",
        "ccaa": "Canarias",
        "provincia": "Las Palmas",
        "year": 2026
      },
      {
        "municipio": "SANTA BRÍGIDA",
        "fecha": "2026-06-13",
        "fecha_texto": "13 de junio",
        "descripcion": "Festividad de San Antonio de Padua.",
        "tipo": "local",
        "ambito": "municipal",
        "ccaa": "Canarias",
        "provincia": "Las Palmas",
        "year": 2026
      },
      {
        "municipio": "SANTA CRUZ DE LA PALMA",
        "fecha": "2026-02-17",
        "fecha_texto": "17 de febrero",
        "descripcion": "Martes de Carnaval.",
        "tipo": "local",
        "ambito": "municipal",
        "ccaa": "Canarias",
        "provincia": "Santa Cruz de Tenerife",
        "year": 2026
      },
      {
        "municipio": "SANTA CRUZ DE LA PALMA",
        "fecha": "2026-07-16",
        "fecha_texto": "16 de julio",
        "descripcion": "Festividad Nuestra Señora del Carmen.",
        "tipo": "local",
        "ambito": "municipal",
        "ccaa": "Canarias",
        "provincia": "Santa Cruz de Tenerife",
        "year": 2026
      },
      {
        "municipio": "SANTA CRUZ DE TENERIFE",
        "fecha": "2026-02-17",
        "fecha_texto": "17 de febrero",
        "descripcion": "Martes de Carnaval.",
        "tipo": "local",
        "ambito": "municipal",
        "ccaa": "Canarias",
        "provincia": "Santa Cruz de Tenerife",
        "year": 2026
      },
      {
        "municipio": "SANTA CRUZ DE TENERIFE",
        "fecha": "2026-05-04",
        "fecha_texto": "4 de mayo",
        "descripcion": "Festividad del Día de la Cruz.",
        "tipo": "local",
        "ambito": "municipal",
        "ccaa": "Canarias",
        "provincia": "Santa Cruz de Tenerife",
        "year": 2026
      },
      {
        "municipio": "SANTA LUCÍA",
        "fecha": "2026-02-17",
        "fecha_texto": "17 de febrero",
        "descripcion": "Martes de Carnaval.",
        "tipo": "local",
        "ambito": "municipal",
        "ccaa": "Canarias",
        "provincia": "Las Palmas",
        "year": 2026
      },
      {
        "municipio": "SANTA LUCÍA",
        "fecha": "2026-10-24",
        "fecha_texto": "24 de octubre",
        "descripcion": "Festividad de San Rafael.",
        "tipo": "local",
        "ambito": "municipal",
        "ccaa": "Canarias",
        "provincia": "Las Palmas",
        "year": 2026
      },
      {
        "municipio": "SANTA MARÍA DE GUÍA",
        "fecha": "2026-03-19",
        "fecha_texto": "19 de marzo",
        "descripcion": "Festividad de San José.",
        "tipo": "local",
        "ambito": "municipal",
        "ccaa": "Canarias",
        "provincia": "Las Palmas",
        "year": 2026
      },
      {
        "municipio": "SANTA MARÍA DE GUÍA",
        "fecha": "2026-09-21",
        "fecha_texto": "21 de septiembre",
        "descripcion": "Lunes posterior a la Festividad de Las Marías.",
        "tipo": "local",
        "ambito": "municipal",
        "ccaa": "Canarias",
        "provincia": "Las Palmas",
        "year": 2026
      },
      {
        "municipio": "SANTA ÚRSULA",
        "fecha": "2026-02-17",
        "fecha_texto": "17 de febrero",
        "descripcion": "Martes de Carnaval.",
        "tipo": "local",
        "ambito": "municipal",
        "ccaa": "Canarias",
        "provincia": "Santa Cruz de Tenerife",
        "year": 2026
      },
      {
        "municipio": "SANTA ÚRSULA",
        "fecha": "2026-10-21",
        "fecha_texto": "21 de octubre",
        "descripcion": "Festividad de Santa Úrsula.",
        "tipo": "local",
        "ambito": "municipal",
        "ccaa": "Canarias",
        "provincia": "Santa Cruz de Tenerife",
        "year": 2026
      },
      {
        "municipio": "SANTIAGO DEL TEIDE",
        "fecha": "2026-07-16",
        "fecha_texto": "16 de julio",
        "descripcion": "Festividad de Nuestra Señora de la Virgen del Carmen.",
        "tipo": "local",
        "ambito": "municipal",
        "ccaa": "Canarias",
        "provincia": "Santa Cruz de Tenerife",
        "year": 2026
      },
      {
        "municipio": "SANTIAGO DEL TEIDE",
        "fecha": "2026-05-15",
        "fecha_texto": "15 de mayo",
        "descripcion": "Festividad de San Isidro Labrador.",
        "tipo": "local",
        "ambito": "municipal",
        "ccaa": "Canarias",
        "provincia": "Santa Cruz de Tenerife",
        "year": 2026
      },
      {
        "municipio": "TACORONTE",
        "fecha": "2026-02-17",
        "fecha_texto": "17 de febrero",
        "descripcion": "Martes de Carnaval.",
        "tipo": "local",
        "ambito": "municipal",
        "ccaa": "Canarias",
        "provincia": "Santa Cruz de Tenerife",
        "year": 2026
      },
      {
        "municipio": "TACORONTE",
        "fecha": "2026-11-25",
        "fecha_texto": "25 de noviembre",
        "descripcion": "Festividad de Santa Catalina.",
        "tipo": "local",
        "ambito": "municipal",
        "ccaa": "Canarias",
        "provincia": "Santa Cruz de Tenerife",
        "year": 2026
      },
      {
        "municipio": "TAZACORTE",
        "fecha": "2026-07-16",
        "fecha_texto": "16 de julio",
        "descripcion": "Festividad de Nuestra Señora del Carmen.",
        "tipo": "local",
        "ambito": "municipal",
        "ccaa": "Canarias",
        "provincia": "Santa Cruz de Tenerife",
        "year": 2026
      },
      {
        "municipio": "TAZACORTE",
        "fecha": "2026-09-29",
        "fecha_texto": "29 de septiembre",
        "descripcion": "Festividad de San Miguel Arcángel.",
        "tipo": "local",
        "ambito": "municipal",
        "ccaa": "Canarias",
        "provincia": "Santa Cruz de Tenerife",
        "year": 2026
      },
      {
        "municipio": "TEGUESTE",
        "fecha": "2026-04-25",
        "fecha_texto": "25 de abril",
        "descripcion": "Festividad de San Marcos Evangelista.",
        "tipo": "local",
        "ambito": "municipal",
        "ccaa": "Canarias",
        "provincia": "Santa Cruz de Tenerife",
        "year": 2026
      },
      {
        "municipio": "TEGUESTE",
        "fecha": "2026-09-08",
        "fecha_texto": "8 de septiembre",
        "descripcion": "Festividad de Nuestra Señora de los Remedios.",
        "tipo": "local",
        "ambito": "municipal",
        "ccaa": "Canarias",
        "provincia": "Santa Cruz de Tenerife",
        "year": 2026
      },
      {
        "municipio": "TEGUISE",
        "fecha": "2026-07-16",
        "fecha_texto": "16 de julio",
        "descripcion": "Festividad Nuestra Señora del Carmen.",
        "tipo": "local",
        "ambito": "municipal",
        "ccaa": "Canarias",
        "provincia": "Las Palmas",
        "year": 2026
      },
      {
        "municipio": "TEGUISE",
        "fecha": "2026-08-05",
        "fecha_texto": "5 de agosto",
        "descripcion": "Festividad Nuestra Señora de Las Nieves.",
        "tipo": "local",
        "ambito": "municipal",
        "ccaa": "Canarias",
        "provincia": "Las Palmas",
        "year": 2026
      },
      {
        "municipio": "TEJEDA",
        "fecha": "2026-02-17",
        "fecha_texto": "17 de febrero",
        "descripcion": "Martes de Carnaval.",
        "tipo": "local",
        "ambito": "municipal",
        "ccaa": "Canarias",
        "provincia": "Las Palmas",
        "year": 2026
      },
      {
        "municipio": "TEJEDA",
        "fecha": "2026-09-14",
        "fecha_texto": "14 de septiembre",
        "descripcion": "Festividad de la Virgen del Socorro.",
        "tipo": "local",
        "ambito": "municipal",
        "ccaa": "Canarias",
        "provincia": "Las Palmas",
        "year": 2026
      },
      {
        "municipio": "TELDE",
        "fecha": "2026-06-24",
        "fecha_texto": "24 de junio",
        "descripcion": "Festividad de San Juan Bautista.",
        "tipo": "local",
        "ambito": "municipal",
        "ccaa": "Canarias",
        "provincia": "Las Palmas",
        "year": 2026
      },
      {
        "municipio": "TELDE",
        "fecha": "2026-11-17",
        "fecha_texto": "17 de noviembre",
        "descripcion": "Festividad de San Gregorio Taumaturgo.",
        "tipo": "local",
        "ambito": "municipal",
        "ccaa": "Canarias",
        "provincia": "Las Palmas",
        "year": 2026
      },
      {
        "municipio": "TEROR",
        "fecha": "2026-02-17",
        "fecha_texto": "17 de febrero",
        "descripcion": "Martes de Carnaval.",
        "tipo": "local",
        "ambito": "municipal",
        "ccaa": "Canarias",
        "provincia": "Las Palmas",
        "year": 2026
      },
      {
        "municipio": "TEROR",
        "fecha": "2026-06-12",
        "fecha_texto": "12 de junio",
        "descripcion": "Festividad del Sagrado Corazón de Jesús.",
        "tipo": "local",
        "ambito": "municipal",
        "ccaa": "Canarias",
        "provincia": "Las Palmas",
        "year": 2026
      },
      {
        "municipio": "TÍAS",
        "fecha": "2026-02-02",
        "fecha_texto": "2 de febrero",
        "descripcion": "Festividad Nuestra Señora La Candelaria.",
        "tipo": "local",
        "ambito": "municipal",
        "ccaa": "Canarias",
        "provincia": "Las Palmas",
        "year": 2026
      },
      {
        "municipio": "TÍAS",
        "fecha": "2026-02-17",
        "fecha_texto": "17 de febrero",
        "descripcion": "Martes de Carnaval.",
        "tipo": "local",
        "ambito": "municipal",
        "ccaa": "Canarias",
        "provincia": "Las Palmas",
        "year": 2026
      },
      {
        "municipio": "TIJARAFE",
        "fecha": "2026-02-02",
        "fecha_texto": "2 de febrero",
        "descripcion": "Presentación de Jesús en el Templo.",
        "tipo": "local",
        "ambito": "municipal",
        "ccaa": "Canarias",
        "provincia": "Santa Cruz de Tenerife",
        "year": 2026
      },
      {
        "municipio": "TIJARAFE",
        "fecha": "2026-09-08",
        "fecha_texto": "8 de septiembre",
        "descripcion": "Festividad de la Natividad de la Virgen.",
        "tipo": "local",
        "ambito": "municipal",
        "ccaa": "Canarias",
        "provincia": "Santa Cruz de Tenerife",
        "year": 2026
      },
      {
        "municipio": "TINAJO",
        "fecha": "2026-02-17",
        "fecha_texto": "17 de febrero",
        "descripcion": "Martes de Carnaval.",
        "tipo": "local",
        "ambito": "municipal",
        "ccaa": "Canarias",
        "provincia": "Las Palmas",
        "year": 2026
      },
      {
        "municipio": "TINAJO",
        "fecha": "2026-06-24",
        "fecha_texto": "24 de junio",
        "descripcion": "Festividad de San Juan Bautista.",
        "tipo": "local",
        "ambito": "municipal",
        "ccaa": "Canarias",
        "provincia": "Las Palmas",
        "year": 2026
      },
      {
        "municipio": "TUINEJE",
        "fecha": "2026-10-13",
        "fecha_texto": "13 de octubre",
        "descripcion": "Fiestas juradas en honor a San Miguel Arcángel y Conmemoración de las batallas del Cuchillete y Tamasite.",
        "tipo": "local",
        "ambito": "municipal",
        "ccaa": "Canarias",
        "provincia": "Las Palmas",
        "year": 2026
      },
      {
        "municipio": "TUINEJE",
        "fecha": "2026-02-02",
        "fecha_texto": "2 de febrero",
        "descripcion": "Festividad de Nuestra Señora de La Candelaria.",
        "tipo": "local",
        "ambito": "municipal",
        "ccaa": "Canarias",
        "provincia": "Las Palmas",
        "year": 2026
      },
      {
        "municipio": "VALLE GRAN REY",
        "fecha": "2026-01-07",
        "fecha_texto": "7 de enero",
        "descripcion": "Festividad de Nuestra Señora Virgen de Los Reyes.",
        "tipo": "local",
        "ambito": "municipal",
        "ccaa": "Canarias",
        "provincia": "Santa Cruz de Tenerife",
        "year": 2026
      },
      {
        "municipio": "VALLE GRAN REY",
        "fecha": "2026-06-24",
        "fecha_texto": "24 de junio",
        "descripcion": "Festividad de San Juan Bautista.",
        "tipo": "local",
        "ambito": "municipal",
        "ccaa": "Canarias",
        "provincia": "Santa Cruz de Tenerife",
        "year": 2026
      },
      {
        "municipio": "VALLEHERMOSO",
        "fecha": "2026-06-24",
        "fecha_texto": "24 de junio",
        "descripcion": "Festividad de San Juan Bautista.",
        "tipo": "local",
        "ambito": "municipal",
        "ccaa": "Canarias",
        "provincia": "Santa Cruz de Tenerife",
        "year": 2026
      },
      {
        "municipio": "VALLEHERMOSO",
        "fecha": "2026-07-23",
        "fecha_texto": "23 de julio",
        "descripcion": "Festividad Virgen del Carmen.",
        "tipo": "local",
        "ambito": "municipal",
        "ccaa": "Canarias",
        "provincia": "Santa Cruz de Tenerife",
        "year": 2026
      },
      {
        "municipio": "VALLESECO",
        "fecha": "2026-02-17",
        "fecha_texto": "17 de febrero",
        "descripcion": "Martes de Carnaval.",
        "tipo": "local",
        "ambito": "municipal",
        "ccaa": "Canarias",
        "provincia": "Las Palmas",
        "year": 2026
      },
      {
        "municipio": "VALLESECO",
        "fecha": "2026-05-25",
        "fecha_texto": "25 de mayo",
        "descripcion": "Fiesta del Patrón del Municipio.",
        "tipo": "local",
        "ambito": "municipal",
        "ccaa": "Canarias",
        "provincia": "Las Palmas",
        "year": 2026
      },
      {
        "municipio": "VALSEQUILLO",
        "fecha": "2026-06-24",
        "fecha_texto": "24 de junio",
        "descripcion": "Festividad de San Juan Bautista.",
        "tipo": "local",
        "ambito": "municipal",
        "ccaa": "Canarias",
        "provincia": "Las Palmas",
        "year": 2026
      },
      {
        "municipio": "VALSEQUILLO",
        "fecha": "2026-09-29",
        "fecha_texto": "29 de septiembre",
        "descripcion": "Festividad de San Miguel.",
        "tipo": "local",
        "ambito": "municipal",
        "ccaa": "Canarias",
        "provincia": "Las Palmas",
        "year": 2026
      },
      {
        "municipio": "VALVERDE",
        "fecha": "2026-05-15",
        "fecha_texto": "15 de mayo",
        "descripcion": "Festividad de San Isidro Labrador.",
        "tipo": "local",
        "ambito": "municipal",
        "ccaa": "Canarias",
        "provincia": "Santa Cruz de Tenerife",
        "year": 2026
      },
      {
        "municipio": "VALVERDE",
        "fecha": "2026-06-29",
        "fecha_texto": "29 de junio",
        "descripcion": "Festividad de San Pedro.",
        "tipo": "local",
        "ambito": "municipal",
        "ccaa": "Canarias",
        "provincia": "Santa Cruz de Tenerife",
        "year": 2026
      },
      {
        "municipio": "VEGA DE SAN MATEO",
        "fecha": "2026-02-17",
        "fecha_texto": "17 de febrero",
        "descripcion": "Martes de Carnaval.",
        "tipo": "local",
        "ambito": "municipal",
        "ccaa": "Canarias",
        "provincia": "Las Palmas",
        "year": 2026
      },
      {
        "municipio": "VEGA DE SAN MATEO",
        "fecha": "2026-09-21",
        "fecha_texto": "21 de septiembre",
        "descripcion": "Festividad en Honor al Apóstol San Mateo.",
        "tipo": "local",
        "ambito": "municipal",
        "ccaa": "Canarias",
        "provincia": "Las Palmas",
        "year": 2026
      },
      {
        "municipio": "VILAFLOR DE CHASNA",
        "fecha": "2026-04-24",
        "fecha_texto": "24 de abril",
        "descripcion": "Festividad del Santo Hermano Pedro.",
        "tipo": "local",
        "ambito": "municipal",
        "ccaa": "Canarias",
        "provincia": "Santa Cruz de Tenerife",
        "year": 2026
      },
      {
        "municipio": "VILAFLOR DE CHASNA",
        "fecha": "2026-08-31",
        "fecha_texto": "31 de agosto",
        "descripcion": "Festividad de San Roque y San Agustín.",
        "tipo": "local",
        "ambito": "municipal",
        "ccaa": "Canarias",
        "provincia": "Santa Cruz de Tenerife",
        "year": 2026
      },
      {
        "municipio": "VILLA DE MAZO",
        "fecha": "2026-02-03",
        "fecha_texto": "3 de febrero",
        "descripcion": "Festividad de San Blas.",
        "tipo": "local",
        "ambito": "municipal",
        "ccaa": "Canarias",
        "provincia": "Santa Cruz de Tenerife",
        "year": 2026
      },
      {
        "municipio": "VILLA DE MAZO",
        "fecha": "2026-06-04",
        "fecha_texto": "4 de junio",
        "descripcion": "Festividad del Corpus Christi.",
        "tipo": "local",
        "ambito": "municipal",
        "ccaa": "Canarias",
        "provincia": "Santa Cruz de Tenerife",
        "year": 2026
      },
      {
        "municipio": "YAIZA",
        "fecha": "2026-07-07",
        "fecha_texto": "7 de julio",
        "descripcion": "Festividad de San Marcial del Rubicón.",
        "tipo": "local",
        "ambito": "municipal",
        "ccaa": "Canarias",
        "provincia": "Las Palmas",
        "year": 2026
      },
      {
        "municipio": "YAIZA",
        "fecha": "2026-09-08",
        "fecha_texto": "8 de septiembre",
        "descripcion": "Festividad de Nuestra Señora de los Remedios.",
        "tipo": "local",
        "ambito": "municipal",
        "ccaa": "Canarias",
        "provincia": "Las Palmas",
        "year": 2026
      }
    ]
  }
}